{"cameraMode":{"drawMode":0,"name":"Shaded","section":"Shading Mode"},"sceneLighting":true,"audioPlay":false,"sceneViewState":{"showFog":true,"showMaterialUpdate":false,"showSkybox":true,"showFlares":true,"showImageEffects":true,"showParticleSystems":true},"in2DMode":false,"pivot":{"x":4.573552131652832,"y":-1.21506929397583,"z":-6.615182876586914},"rotation":{"x":-0.4571520984172821,"y":0.47575291991233828,"z":-0.3198530673980713,"w":-0.6799744367599487},"size":38.63801193237305,"orthographic":false}