{"cameraMode":{"drawMode":0,"name":"Shaded","section":"Shading Mode"},"sceneLighting":false,"audioPlay":false,"sceneViewState":{"showFog":true,"showMaterialUpdate":false,"showSkybox":false,"showFlares":true,"showImageEffects":true,"showParticleSystems":true},"in2DMode":false,"pivot":{"x":-0.19000005722045899,"y":2.070000171661377,"z":-17.040000915527345},"rotation":{"x":0.25874266028404238,"y":-0.40491896867752077,"z":0.12061295658349991,"w":0.8686457276344299},"size":6.624354839324951,"orthographic":false}